first_name,last_name
Muhammad,Cotilard
Hildy,Hamelyn
Dwain,Scougal
Rachele,Lunk
Timothy,Hellikes
Roland,Teesdale
Seamus,Towl
Bettina,Strutt
Hershel,Cumes
Aretha,Tremellan
Marsha,Wahlberg
Rhona,Frenzel;
Mignon,Lafay
Alis,Idel
Michele,Pennock
Oby,Proschek
Shannan,Borg
Andros,Boyall
Bethanne,Edwins
Wilt,Basketfield
Ranna,Osanne
Liva,Hovell
Barbabra,Tsar
Carlee,Covelle
Horacio,Lowndsborough
Frederik,Rounsivall
Niel,Newborn
Marlene,Cholerton
Sampson,Sang
Conan,Lainge
Star,Omand
Helene,MacConnel
Ruthi,Sayse
Erny,Coners
Onida,Butt Gow
Felike,Leveridge
Charil,Grubbe
Hermina,Rennebach
Ariana,Faustian
Ketty,Blasgen
Lucien,Helder
Lenna,Bearsmore
Jenifer,Dodsley
Owen,Momford
Deedee,Pydcock
Marris,Murkus
Gayla,Towns
Bobbi,Ugoni
Fredericka,Bushrod
Lissi,Scrowston
